labelcode,name
10184,오뚜기옥수수스프80G
10185,오뚜기쇠고기스프80G
10187,오뚜기백세카레약간매운맛100G
10188,오뚜기백세카레순한맛100G
10202,오뚜기맛있는사골우거지국22G
10224,청정원카레여왕(분말)구운마늘양파108G
10226,CJ밥이랑야채랑27G
10240,CJ햇반컵반설렁탕밥253g
10241,오뚜기전복죽285g
10242,Dole후룻볼슬라이스복숭아198g
10244,Dole후룻볼복숭아4입100
10245,오뚜기오즈키친버섯불고기죽
10260,대상종가집연근조림
10261,대상종가집고추장멸치볶음
10268,아넬라사과디저트
10305,샘표가쓰오샤브샤브육수200G
10306,자연그대로제주딱새우육수500g
10316,동원살코기참치250G
15028,보노체다치즈스프63G
15029,보노포르치니버섯스프54G
15062,탐사리얼오메가트릿소고기연어360G
15067,백설재료준비없이바로부쳐먹는감자전120G
15068,백설물만부어부쳐먹는컵전해물파전92G
15069,전원식품식혜만들기240G
15071,모리나가핫케잌믹스300G
15078,주비푸드일본식미소장국버섯맛21G
15082,백설우리밀핫케잌믹스500G
15085,주비푸드적초생강80G
15088,CJ비비고스팸부대찌개460G
15089,CJ제일안주불돼지껍데기160G
15090,양반수라우거지감자탕460G
15091,양반수라녹두삼계전복죽420G
15092,양반수라낙지김치죽420G
15097,벡설머핀믹스500G
15101,포마검은깨이야기오리지날100G
15102,CJ비비고새우계란죽450G
15103,남양맘스쿠킹닭백숙진밥100G
15104,매일맘마밀안심이유식아스파라거스와닭가슴살100G
15105,거버오가닉2단계바나나블루베리블랙베리오트밀99G
15109,월드그린적강낭콩450G
15230,홈플러스지중해스타일쿠킹오일
15231,홈플러스엑스트라버진올리브유
15261,네슬레거버1단계이유식사과113G
15262,네슬레거버1단계이유식푸룬113G
15263,네슬레거버1단계이유식당근113G
15264,네슬레거버1단계이유식배113G
15265,네슬레거버1단계이유식바나나113G
15266,네슬레거버2단계이유식사과딸기바나나226G
15267,네슬레거버2단계이유식망고사과트위스트226G
15268,네슬레거버2단계이유식사과블루베리226G
15269,네슬레거버2단계이유식푸룬사과226G
15286,빅마마씨푸드해통령육수한알사골맛85G
15287,해표훈연멸치다시팩120G
15288,본아이에프본죽일품쇠고기미역죽500G
15291,고야다진고추를채운올리브149G
15405,홈플러스부드러운버터장조림
15406,홈플러스양념깻잎
15407,홈플러스부드러운쇠고기장조림
15408,오뚜기매콤꽁치조림
15409,오뚜기베이컨포테이토스프
15410,홈플러스무말랭이
15411,홈플러스진미채아몬드조림
15412,홈플러스초코프루트위드아사이블랙커런트앤블랙베리
15423,종가집종가반상곱창육개장
15424,오뚜기의정부식부대찌개
15425,오뚜기종로식도가니탕
15426,오뚜기부산식돼지국밥곰탕
15427,동원양반통참치김치찌개
15428,유동골뱅이죽야채420G
15429,동원쎈쿡혼합곡밥3개입630g
15430,동원쎈쿡100
15445,CJ햇반컵반철판제육덮밥256G
15446,CJ햇반컵반스팸마요덮밥219G
15447,CJ햇반컵반강된장보리비빔밥280G
15448,오뚜기컵밥수원식갈비탕밥311G
15449,오뚜기컵밥햄버그덮밥310G
15450,오뚜기컵밥부산식돼지국밥316G
15451,양반진국닭곰탕460G
15452,양반한우사골설렁탕460G
15453,청정원일상가정식얼큰양곰탕450G
15455,CJ비비고소고기미역국500G
15456,CJ비비고전복미역국500G
15457,CJ비비고감자탕460G
15459,오뚜기3분짜장6개입1200G
15462,양반진국왕갈비탕460G
15463,CJ비비고불낙죽450G
15464,홈플러스시그니쳐발아현미누룽지600G
15473,돌코리아올라이트뮤즐리5가지곡물과크랜베리300G
15474,한국삼꿀먹는홍삼말랭이40G
15476,청정원일상가정식한우진곰탕450G
15477,청정원일상가정식나주곰탕450G
15478,CJ비비고차돌된장찌개460G
15479,홈플러스시그니쳐사골곰탕500G
15486,농심쿡탐짬뽕탕500G
15487,본아이에프본죽쇠고기장조림170G
15647,CJ맥스봉체다치즈어랏400G
15665,이마트피코크유기농군밤100G
15667,정풍아이맛있는한우배추된장국200G
15718,이마트피코크정갈한오징어무국500G
15721,이마트피코크클램차우더스프230G
15722,동원양반소고기장조림110G
15729,이마트피코크정갈하게담아낸오징어채조림100G
15730,이마트피코크정갈하게담아낸계란장조림400G
15784,성풍양행블루엘리펀트로얄타이쿠진타이프리미엄쿠킹세트마싸만커리110G
15785,성풍양행블루엘리펀트로얄타이쿠진타이프리미엄쿠킹세트레드커리95G
15786,성풍양행블루엘리펀트로얄타이쿠진타이프리미엄쿠킹세트그린커리95G
15787,성풍양행블루엘리펀트로얄타이쿠진타이프리미엄쿠킹세트옐로우커리95G
15789,매일유업상하목장양송이크림스프450G
15795,이마트피코크밥한그릇뚝딱바로먹는짜장200G
15797,트릿지후무스앤토마토100G
15819,CJ쁘띠첼워터젤리사과130ML
15820,CJ쁘띠첼워터젤리포도130ML
15834,한일식품혼면혼밥본고장바지락칼국수
15835,한일식품혼면혼밥본고장김치칼국수
15888,매일요미요미튼튼시리얼바나나100G
15890,이마트피코크유기농군밤100G
15892,오쌀미보리볶음1KG
15909,동우농산씨를뺀건자두300G
15924,도울바이오푸드메이플로만든유기농콘푸레이크300G
15944,롯데쇼핑요리하다볶음서리태가루250G
15945,템테이션고소한참치맛85G
15946,템테이션담백한연어맛85G
15947,롯데네슬레코리아프리스키파티믹스치킨그레이비60G
15948,롯데네슬레코리아프리스키파우치키튼참치80G
15949,쉬바파우치참치와게맛살70G
15950,롯데네슬레코리아팬시피스트인스퍼레이션연어시금치호박녹색콩70G
15951,동원모이스트루참치와연어80G
15954,대웅생명과학글램디4킬로칼로리곤약워터젤리복숭아맛150G
15955,자임에프앤비온리프라이스곤약젤리파인애플140G
16032,씨제이제일제당다시다요리의신얼큰국물10G
16056,유기농산유기농고운쌀가루100G
20183,오뚜기)크림스프80G
20184,오뚜기)옛날쇠고기죽85G
20197,뽀로로매콤떡볶이120G
20198,뽀로로랍스터떡볶이120G
20199,뽀로로짜장떡볶이120G
20208,오뚜기3분짜장200G
20216,오뚜기야채스프80G
20228,CJ)햇반컵반중화마파두부덮밥270G
20235,CJ햇반컵반낙지콩나물비빔밥216g
20237,동원양반한우사골설렁국
20256,오뚜기고추참치
25038,돌후룻바틀파인애플666G
25056,헬스밸런스바삭바삭어린이현미가케28G
25073,CJ비비고추어탕460G
25082,브레드가든인스턴트이스트32G
25083,브레드가든초코펜세트80G
25084,브레드가든진저브레드쿠키믹스250G
25085,백설식빵믹스760G
25087,큐원홈메이드머핀믹스300G
25091,큐원홈메이드계란빵믹스1인분50G
25095,백설스윗메이플팬케익160G
25114,매일맘마밀안심이유식미역과소고기100G
25115,매일맘마밀안심이유식가리비와두부100G
25116,매일맘마밀안심이유식단호박과소고기100G
25117,남양맘스쿠킹국내산쇠고기와두부100G
25120,CJ비비고동지팥죽450G
25121,CJ비비고녹두닭죽450G
25175,농심켈로그)아몬드푸레이크컵시리얼30G
25194,폴라리스)크리스탈브라운펄280G
25222,대만)망고케익184g
25223,대만)파인애플케익250G
25226,아이배냇)유기농보들김20G
25228,대만)파인애플케익184G
25233,제이푸드서비스)처음먹는우리아이컵케이크-우유맛80G
25241,홈플러스)시원하고담백한즉석북어국16G
25402,엄마사랑심심타파포켓누룽지462G
25403,동원쎈쿡흑미밥3개입630G
25404,홈플러스시그니쳐오리지널트러플450G
25417,CJ햇반컵반미역국밥167G
25418,CJ햇반컵반사골곰탕국밥166G
25419,CJ햇반컵반콩나물해장국밥270G
25420,CJ햇반컵반황태국밥170G
25421,CJ햇반컵반직화불고기덮밥257G
25422,CJ햇반컵반치킨커리덮밥278G
25423,CJ햇반컵반고추장나물현미비빔밥229G
25424,CJ햇반컵반볶은김치덮밥247G
25425,오뚜기컵밥불닭마요덮밥277g
25426,오뚜기컵밥춘천닭갈비덮밥310G
25427,오뚜기컵밥허니갈릭치밥310G
25428,오뚜기컵밥소시지카레덮밥315G
25429,오뚜기컵밥참치마요덮밥247G
25430,오뚜기컵밥소시지야채덮밥280G
25431,오뚜기닭백숙누룽지탕190G
25438,롯데쇼핑요리하다오이피클홀500G
25452,라이스푸드바삭고소현미누룽지500G
25453,엄마사랑바삭바삭간식누룽지1KG
25454,에스앤너츠오아시스가선물한대추야자500G
25455,청정원일상가정식장어탕450G
25456,CJ비비고육개장500G
25459,매홍엘앤에프솥뚜껑누룽지1KG
25461,메모렛사차인치로스팅시드250G
25462,돌코리아올라이트뮤즐리말린과일과아몬드300G
25590,금광약초건강에미치다누룽지재료160G
25607,돌코리아애플팝496ML
25608,오뚜기간편사골우거지국50G
25634,동우농산아몬드슬라이스200G
25639,남양농산블랙렌틸콩500G
25640,에이뷰유기농인증원료로만든김자반볶음40G
25641,에이뷰야채김자반볶음40G
25642,이마트피코크정갈하게담아낸메추리알장조림130G
25643,오뚜기간단한끼김치고등어조림180g
25653,오뚜기쉐이크앤팬핫케이크믹스오리지널150G
25654,오뚜기쉐이크앤팬핫케이크믹스20가지곡물150G
25655,오뚜기쉐이크앤팬핫케이크믹스바나나150G
25656,오뚜기쉐이크앤팬핫케이크믹스치즈150G
25657,백설컵전녹두빈대떡155G
25658,백설컵전김치전210G
25686,두보식품오트밀800G
25687,금광약초오가피120G
25688,금광약초여주35G
25689,금광약초두충60G
25690,금광약초뽕잎40G
25691,이마트피코크소고기죽450G
25692,이마트피코크단호박죽450G
25693,이마트피코크전복죽450G
25694,이마트피코크진한설렁탕500G
25695,이마트피코크진한닭곰탕500G
25696,이마트피코크진한소고기장터국500G
25697,이마트피코크진한육개장500G
25698,이마트피코크진한우거지추어탕500G
25699,이마트피코크정갈한홍합미역국500G
25700,이마트피코크정갈한북어해장국500G
25701,이마트피코크정갈한소고기들깨미역국500G
25702,이마트피코크정갈하게담아낸연근조림130G
25703,오뚜기베이킹소다400G
25704,농업회사법인대흥생생대추80G
25705,CJ제일안주소양불막창170G
25706,CJ다담냉이된장찌개양념140G
25707,CJ다담바지락순두부찌개양념140G
25710,CJ백설건강발효현미식초500ML
25711,CJ사골애처음부터육수가쓰오525ML
25712,CJ사골애처음부터육수멸치다시마525ML
25713,매일유업요미요미오가닉퍼프단호박
25798,머거본솔트아몬드250G
25806,보라티알라자냐500G
25807,풀무원식품페튜치네500G
25838,상명농산구운땅콩600G
25899,김포에프디일주일견과자주손이가는커피땅콩210G
25941,롯데쇼핑요리하다양지육수500G
25944,롯데쇼핑초이스엘건강담은습식파우치연어85G
25945,동원모이스트루어덜트참치
25946,위스카스7세이상고등어85G
25947,위스카스참치85G
25948,미소캣퓨어네츄럴파우치건강한고등어80G
25949,미소캣퓨어네츄럴파우치건강한연어
25952,한국마즈쉬바파우치참치와닭고기70G
25953,롯데상사씻어나온간편한쌀한끼톡톡1.5kg
25989,농심건강한쌀부침가루450G
25990,농심건강한쌀튀김가루450G
25991,롯데쇼핑요리하다콩국물가루300G
25992,롯데쇼핑요리하다고구마맛전분400G
25993,롯데쇼핑요리하다감자맛전분400G
25996,대상종가집종가반상전통순댓국450G
26006,위스카스7세이상참치85G
26007,한국마즈템테이션헤어볼컨트롤맛있는닭고기맛60G
26009,비엘에프씨귀리우유쉐이크50G
26010,비엘에프씨서리태콩물쉐이크40G
26011,CJ밸런스밀귀리50G
26013,지오허브팔각향80G
26014,신영에프에스페페로치노홀100G
26015,신영에프에스월계수잎30G
26018,가든클래식귀리500G
26019,가든클래식볶은아마씨드450G
26025,롯데쇼핑요리하다로즈마리홀24G
26026,롯데쇼핑요리하다오레가노럽드18G
26039,롯데쇼핑초이스엘유기농우리아이김20G
26043,롯데푸드파스퇴르아이생각한우당근애호박죽180G
26044,롯데푸드파스퇴르아이생각한우새송이버섯시금치죽180G
26046,롯데푸드파스퇴르아이생각한우감자당근진밥180G
26047,롯데푸드파스퇴르아이생각한우단호박새송이버섯진밥180G
26048,롯데푸드파스퇴르아이생각한우근대새송이버섯진밥180G
26049,롯데푸드파스퇴르아이생각한우당근비타민채묽은죽180G
26099,한국마즈위스카스고등어85G
26100,한국마즈위스카스구운고등어85G
26101,한국마즈위스카스참치85G
26102,유기농산유기농굵은쌀가루180G
30151,오뚜기맛있는미역국18G
30156,오뚜기카레순한맛100G
30157,오뚜기카레약간매운맛100G
30158,오뚜기카레매운맛100G
30160,양송이스프
30202,CJ햇반컵반버섯곤드레비빔밥189g
30206,동원양반쇠고기죽
30207,비비고된장찌개
30267,신영월계수잎파우치22G
30295,대천김)식탁김
35062,브레드가든)머랭쿠키믹스밀크맛
35068,삼양사)큐원홈메이드수제초콜릿믹스160G
35069,CJ제일제당)김치전컵전210G
35077,동원F
35078,CJ제일제당)비비고소고기무국500G
35079,오뚜기)감자전믹스200G
35092,CJ제일제당)비비고동태탕460G
35093,CJ제일제당)비비고차돌육개장500G
35094,포마)땅콩이야기112G
35099,삼양사)큐원홈메이드영양쿠키믹스250G
35100,동원F
35101,동원F
35102,삼양사)건포도150G
35108,거버2단계이유식오가닉망고90G
35109,거버2단계이유식오가닉배사과바나나90G
35110,거버오가닉2단계사과라즈베리아사이베리99G
35111,거버2단계이유식오가닉배블루베리사과아보카도99G
35112,남양맘스쿠킹전복과표고버섯100G
35113,매일맘마밀안심이유식브로콜리와닭가슴살100G
35114,매일맘마밀안심이유식퓨레사과와고구마100G
35115,매일맘마밀안심이유식퓨레바나나와단호박100G
35162,농심켈로그)콘푸로스트컵시리얼30G
35188,CJ쟈뎅)쁘띠첼과일젤리포도270G
35189,CJ쟈뎅)쁘띠첼과일젤리포도90G
35190,CJ쟈뎅)쁘띠첼과일젤리복숭아270G
35191,CJ쟈뎅)쁘띠첼과일젤리복숭아90G
35192,신선에프앤브이)파인애플컵400G
35193,신선에프앤브이)파인애플컵100G
35194,CJ쟈뎅)쁘띠첼과일젤리밀감270G
35195,CJ쟈뎅)쁘띠첼과일젤리밀감90G
35196,엠디에스코리아)사과푸딩220G
35211,매일유업)데르뜨130G
35222,이가자연면)감자수제비182.5G
35224,이가자연면)얼큰주세비183.5G
35227,농업회사법인현농)순쌀파스타크림앤치즈80G
35257,베트남)홀스위트피클680G
35258,베트남)미니오이피클500G
35259,스페인)슬라이스블랙올리브420G
35260,스페인)그린올리브420G
35261,독일)게르킨렐리쉬머스타드350G
35263,스페인)홀그린퀸올리브359G
35265,홈플러스)마이프루타애플앤스트로베리200G
35266,홈플러스)마이프루타애플앤스트로베리100G
35267,홈플러스)마이프루타애플앤바나나200G
35268,홈플러스)마이프루타애플앤바나나100G
35269,홈플러스)마이프루타애플앤망고200G
35270,홈플러스)마이프루타애플앤망고100G
35271,홈플러스)마이프루타애플앤페어200G
35272,홈플러스)마이프루타애플앤페어100G
35273,홈플러스)마이프루타애플앤블루베리200G
35274,홈플러스)마이프루타애플앤블루베리100G
35276,선양송탄공장)본죽일품참치야채죽500G
35282,샘표)폰타나스위트콘크림수프180G
35283,그린2공장)통마늘제육오돌뼈160G
35379,코카)아데스아몬드오리지널
35382,효성)마카로니치즈파스타8소스
35403,서강유업)가족을위한사골곰탕
35405,청정원)닭볶음탕양념480G
35428,씨제이)비비고설렁탕
35431,동원)양반참치죽
35434,홈플러스)통뼈국물닭발
35435,홈플러스)매콤닭볶음탕
35436,싸이클릭푸드)피넛브리틀바이츠
35437,선명농수산)구운아몬드
35438,씨제이)비비고단호박죽
35439,씨제이)비비고닭곰탕
35440,동원)양반한우사골시래기국
35441,동원)양반돼지고기김치찌개
35442,오뚜기)오즈키친송이버섯죽
35443,오뚜기)오즈키친동지팥죽
35444,오뚜기)오즈키친진짬뽕죽
35445,오뚜기)오즈키친단호박죽
35448,오뚜기)유산슬죽
35449,동원)야채참치죽
35450,동원)동원백합된장찌개
35451,길림양행)김맛아몬드
35452,민민푸드)머거본커피땅콩
35453,농심)쿡탐꼬리곰탕
35454,청정원)남도추어탕
35455,올레)본죽제주안심장조림
35555,해촌상사)엑스트라버진올리브유광천김자반
35560,오뚜기)입맛돋는매운갈비찜
35561,신세계푸드)정갈한시금치된장국
35563,금광약초)대추
35564,건강한바다)완도국물내기용사각다시마
35565,엠디에스코리아)부안뽕잎바지락죽
35566,교동식품)진한시골장터국
35570,오뚜기)양송이크림스프
35571,오뚜기)콘크림스프
35572,엠디에스코리아)양송이스프
35573,광의면특품사업단)자연주의유기농우리밀밀가루
35574,청오건강)유기농쌀가루
35575,청오건강)유기농엿기름
35578,김노리)핑크퐁키즈김자반
35579,광의면특품사업단)자연주의유기농우리밀통밀가루
35580,남포물산)국물이더진한미역귀
35581,남포물산)부드러운간편참미역
35583,돌코리아백도젤리90G
35584,매일데르뜨파인애플90G
35585,매일데르뜨감귤90G
35586,돌코리아코코파인젤리90G
35587,돌코리아망고컵198G
35591,백설찹쌀호떡믹스400G
35592,백설브라우니믹스320G
35593,백설녹차맛찹쌀호떡믹스400G
35594,이마트피코크바로먹는짜장200G
35597,베베쿡처음먹는요리가케닭고기와된장28G
35629,늘푸른농업)볶은아마씨
35639,두리두리)볶은귀리분말
35640,두리두리)인절미가루
35641,쌈지에프앤비)볶음아마씨드
35642,두리두리)건조맥주효모
35644,메모렛)사차인치로스티드시드
35659,한국식연)정갈하게담아낸돼지고기장조림
35662,신성티엔에프)아이밀홈쿡순수요리육수(한우양지와대파)
35663,동원홈푸드)간편한순두부찌개양념
35664,정풍)아이맛있는한우나주곰탕
35665,그린2)통마늘매콤껍데기
35666,신성티엔에프)아이밀홈쿡진한한우사골곰탕
35667,하늘바이오)찹쌀다시마부각
35669,동우농산)건크랜베리
35674,오뚜기)간편북엇국
35675,오뚜기)간편미역국
35676,페레로)누텔라
35724,명성식품)말랑말랑군고구마
35727,테일러팜스)말린블랙체리
35732,청오건강)유기농팝짱백미
35743,롯데제과)퀘이커즉석오트밀구운김오트밀
35750,오리온)오
35751,일동후디스)아이밀냠냠순곡물바당근
35763,길림양행)구운아몬드
35766,남양)우리아이처음먹는양파얌얌
35874,농심)체다치즈스프
35880,정풍)요리하다사골육수
35881,태광푸드)볶은통찰현미
35884,리빙라이프)멀티그레인플레이크
35892,성보)요리하다경상도식얼큰소고기무국
35928,아이배냇)아이배냇베베떠먹는고구마
35929,아이배냇)아이배냇베베떠먹는고구마와바나나
35930,신영에이치에스)아이배냇꼬마닭다리살백숙
35931,신영에이치에스)아이배냇꼬마무항생제사골곰탕
35932,롯데네슬레코리아)프리스키파티믹스믹스그릴
35945,신성에프엔비)건여주
35946,강원약초농산)돼지감자
35947,에스지상사)건아로니아
35949,한국마즈)위스카스고등어와연어
35950,교동식품)요리하다미역국
35951,교동식품)일상가정식곱창전골
35952,태광푸드)가바현미미숫가루
35953,팜팩토리)아넬라사과
35954,팜팩토리)아넬라사과
35955,팜팩토리)아넬라배
35958,지이디통상)발투센유기농베이크빈
35968,푸르메)부드럽고고소한혼합8곡
35969,롯데네슬레코리아)팬시피스트화이트라벨그레이비러버스연어3개입
35970,롯데네슬레코리아)팬시피스트화이트라벨청키치킨3개입
35971,롯데네슬레코리아)팬시피스트화이트라벨키튼흰살생선
35979,제일훼밀리)마리오피티드블랙오히블랑까올리브
35980,에프엔디큐웰)양배추분말
35981,롯데쇼핑)요리하다파마산치즈가루
35988,롯데푸드)아이생각닭가슴살브로콜리양파진밥
35989,롯데푸드)아이생각닭가슴살짜장소스
35991,아이배냇)솔솔뿌려먹는레시피김자반
35992,한생)베트남건고추
40102,오뚜기)영양닭죽285G
40167,옛날자른미역50G
40169,바몬드카레순한맛
40170,바몬드카레약간매운맛
40171,바몬드카레매운맛
40173,양반가평잣죽287.5G
40175,동원)양반밤단팥죽280G
40176,옛날자른미역20G
40187,뽀로로크림떡볶이120G
40216,곰표부침가루1KG
40221,CJ햇반컵반닭곰탕밥261g
40224,동원양반전복죽
40244,사조고추참치
45030,돌황도666G
45048,풀무원링귀니
45056,홈플러스육개장칼국수
45058,해맑은번영2번씻은유기인증자른미역30G
45071,삼양사)큐원홈메이드초코쿠키믹스300G
45082,CJ제일제당)비비고돼지고기김치찌개460G
45083,CJ제일제당)비비고콩나물황태국500G
45084,CJ제일제당)비비고알탕440G
45085,CJ제일제당)비비고전북죽450G
45090,주비푸드)락교120G
45091,삼양사)큐원홈메이드고구마케익믹스70G
45092,삼양사)큐원홈메이드초코케익믹스70G
45093,동원F
45114,거버이유식오가닉바나나딸기라즈베리믹스그레인99G
45115,거버2단계이유식오가닉당근사과망고99G
45116,남양맘스쿠킹된장찌개진밥100G
45163,홈플러스)즉석미역국16G
45165,홈플러스)즉석육개장16G
45166,씨제이제일제담)맛군밤60G
45187,미국)거버퍼프딸기사과-건조사과퓨레42G
45188,미국)거버퍼프바나나42G
45189,미국)거버퍼프바닐라42G
45190,미국)거버퍼프블루베리42G
45191,미국)거버2단계이유식-멀티그레인시리얼227G
45195,리뉴얼라이프)한입에쏙더블치즈볼25G
45196,리뉴얼라이트)한입에쏙인절미콩볼25G
45197,개미식품)키요순한감자볼어니언30G
45203,세방유통)골든파인애플슬라이스인시럽370G
45204,세방유통)애플망고슬라이스인망고쥬스370G
45218,세방유통)케이퍼110G
45240,농심)어니언크림스프54G
45281,후디스건강하게키워요키요알이꽉찬순군밤50G
45417,동원)양반수라도가니설렁탕
45418,동원)양반김치청국장찌개
45419,동원)양반차돌된장찌개
45420,홈플러스)차돌된장죽
45421,홈플러스)사골소고기죽
45422,엄마사랑)넛트크런치코코넛과현미
45423,씨제이)비비고버섯야채죽
45424,오뚜기)안동식쇠고기국밥
45425,오뚜기)수원식우거지갈비탕
45426,오뚜기)서울식쇠고기보양탕
45427,홈플러스)메추리알장조림
45430,매홍엘앤에프)오븐에구운햇고구마말랭이
45434,산들)한가족삼계모음
45435,길림양행)건자두
45436,동원)양반참치죽
45437,홈플러스)아삭아삭연근조림
45438,홈플러스)오독오독마늘쫑무침
45439,세움)호두
45440,동우농산)건블루베리
45441,오뚜기)남도식한우미역국
45442,홈플러스)짭쪼름하고고소한콩자반
45443,돌코리아)올라이트뮤즐리
45444,홈플러스)맛도영양도견과류멸치볶음
45445,세움)캘리포니아호두
45446,산들)경산대추칩
45467,호남샤니)제리뽀망고맛
45468,호남샤니)제리뽀딸기맛
45469,호남샤니)제리뽀오렌지맛
45470,호남샤니)제리뽀사과맛
45471,호남샤니)제리뽀
45526,하동율림)알토리꿀밤
45647,도야지식품)맘으로설렁탕
45648,도야지식품)맘으로소한마리탕
45657,씨제이)쁘티첼(요거젤리복숭아)
45658,씨제이)쁘티첼(요거젤리밀감)
45659,씨제이)쁘티첼(요거젤리딸기)
45660,씨제이)쁘티첼(요거젤리화이트코코)
45661,씨제이)쁘티첼(요거젤리블루베리)
45662,돌코리아)백도젤리
45671,신성티엔에프)아이밀홈쿡순수요리육수(한우
45677,삼양사)큐원홈메이드고구마케익믹스
45678,롯데제과)디저뜨와(구운치즈케이크타르트)
45679,호남샤니)카페메이트초코블랑
45680,티디에프코리아)생미쉘갈라떼
45685,청오건강)우리아이유기농고운찹쌀가루(미음용)
45686,성진식품)감자전분맛
45695,두리두리)구운완두콩
45696,두리두리)구운수수
45744,신세계푸드)피티드그린올리브절임
45779,동림식품)훈제굴
45780,삼경프라자)델몬트슈퍼스위트콘
45786,테일러팜스)테일러골든푸룬건자두
45790,삼양사)큐원홈메이드난과커리믹스
45928,마음푸드)브라운라이스소울코코넛
45929,마음푸드)브라운라이스소울단호박
45931,새롬식품)구마구마해
45961,맑은농산)코코크런치넛와사비마카다미아
45972,금호에프디)건무화과
45982,해맑음푸드)바나나칩
45985,머거본)바나나칩
45991,씨제이)고메함박스테이크
45992,씨제이)고메토마토미트볼
46017,아이배냇)쌩마멧유기농사과
46018,아이배냇)쌩마멧유기농사과
46019,아이배냇)쌩마멧유기농사과
46020,팜팩토리)하넬라사과
46033,에이뷰)파인애플칩
46034,신영에프에스)요리하다월계수잎
46036,신성에프엔비)칡
46038,신성에프엔비)당귀
46040,신성에프엔비)감초
46044,신원에프아이)일상가정식사골김치찌개
46045,일해)몽글몽귤
46046,롯데쇼핑)펜네
46048,가든클래식스)병아리콩
46053,미소)캣퓨어파우치참치
46054,미소)초이스엘건강담은습식파우치가자미
46055,미소)초이스엘건강담은습식파우치닭가슴살
46090,씨제이)햇반컵반불닭마요덮밥
46118,가든클래식스)렌틸콩
50132,동원)양반단호박죽287.5G
50133,동원양반전복죽287.5G
50134,동원양반쇠고기죽287.5G
50135,오뚜기3분카레약간매운맛200G
50136,오뚜기3분카레순한맛200G
50137,오뚜기3분카레매운맛200G
50138,오뚜기3분쇠고기짜장200G
50150,3분김치참치매운맛
50151,오뚜기3분스위트칠리치킨150G
50152,오뚜기)사골곰탕350G
50165,오뚜기옛날야채죽85G
50166,바몬드카레약간매운맛골드100G
50173,CJ햇반컵반육개장국밥
50174,뉴슈가60G
50179,오뚜기백세카레매운맛100G
50181,오뚜기황태콩나물해장국밥301.5g
50183,동원양반차돌육개장
50239,샘표국시장국멸치다시마국물345ML
50240,자연그대로멸치육수500g
50241,샘표담백한샤브샤브육수200G
50244,사조참치액으로만든샤브샤브육수80g
55024,오뚜기황태콩나물해장국밥301.5G
55034,돌트로피칼666G
55060,열매마을건조크랜베리루비150G
55061,CJ초코케익믹스300G
55062,큐원홈메이드스폰지케익믹스500G
55065,오뚜기초간편김치전믹스
55067,큐원홈메이드팬케익믹스100G
55069,동원양반전주식황태콩나물국460G
55070,CJ비비고소고기죽450G
55092,매일맘마밀안심이유식시금치와연근소고기
55093,남양맘스쿠킹순두부찌개진밥
55094,네슬레코리아거버2단계이유식배망고아보카도
55099,네슬레코리아거버1단계이유식오가닉사과
55101,동원양반들깨닭죽
55102,동원양반백합죽
55104,동원양반수라문어해물죽
55105,CJ비비고진국설렁탕
55106,CJ비비고전복미역죽
55115,매일카스텔로브리
55119,르구망마일드체다치즈
55155,아이배넷꼬마육포오리지널
55237,보노컵스프크림스프포타주
55238,매일상하목장토마토파스타
55239,오뚜기크래프트짜장
55268,알프레도파스타
55269,해표충청도식짜글이찌개양념
55277,세방스위트피클슬라이스
55278,세방할라페뇨슬라이스
55279,홈플러스슬라이스스위트피클
55280,홈플러스슬라이스스위트피클
55285,본아이에프본죽일품전복죽
55286,청정원안주야소양돼지곱창
55287,홈플러스간장돼지불고기덮밥소스
55399,아로마FI아띠야미석류피쉬콜라겐
55400,자임자임곤약젤리
55403,해밀스페니쉬비폴렌
55417,오뚜기직접볶은간짜장고형
55418,에스앤비골든카레중간매운맛(카레분말8.6
55419,오뚜기백세카레순한맛고형
55420,오뚜기백세카레약간매운맛고형
55421,에스앤비골든카레매운맛
55422,에스앤비골든카레순한맛
55423,오뚜기3일숙성카레약간매운맛고형
55424,오뚜기3일숙성카레순한맛고형
55447,세움마카다미아
55450,동원간편요리키트우렁강된장
55451,오뚜기서울식설렁탕
55452,체리푸드요리하다강화섬계탕
55453,매홍화덕에구운군고구마말랭이
55455,매홍새콤달콤사과말랭이
55461,천하코퍼레이션멜리스핫케이앤페퍼
55464,영인코퍼레이션선드라이토마토
55466,다온웰푸드다나블루베리잼
55640,반찬애)견과류멸치볶음
55648,동원양반프리미엄버터로볶아고소한볶음갓김치
55649,동원양반얇게찢어부드러운돼지고기장조림
55657,엠디에스코리아피코크단팥죽
55658,엠디에스코리아피코크단호박스프
55659,진주햄치즈따봉25개입
55660,신세계푸드피코크정갈한쇠고기무국
55661,신세계푸드피코크우리집애호박돼지찌개
55662,신세계푸드피코크진한양지육수
55663,신세계푸드피코크진한소갈비탕
55664,신세계푸드피코크얼큰닭개장
55698,동서리치스오이피클
55699,으뜸엘엔에스피코크자연을담은무반달단무지
55701,쁘띠첼요거젤리밀감
55702,쁘띠첼요거젤리복숭아
55703,청오건강농업회사법인맘스라이스우리아이유기농조각쌀가루10개입
55725,엄마사랑)피코크인절미그래놀라
55728,엄마사랑)피코크과일그래놀라
55733,토리코리아)노던골드오트
55782,매일유업)상하목장클램차우더스프3개입(액상형)
55783,매일유업)상하목장단호박크림스프3개입(액상형)
55794,남포물산)안옥남요리하기간편한자른다시마
55798,이멕스무역)혼합푸딩(ASSORTEDPUDDING)4개입
55802,에이뷰)피코크파인애플그대로
55803,일동후디스)아이밀냠냠순배
55804,일동후디스)아이밀냠냠순사과
55824,동우농산)마리아니멕시칸건망고
55845,영도물산)통밀도넛츠
55904,커머스파크)아이맛있는한우미역국200G
55968,세움)건포도(지퍼백)
55975,롯데쇼핑)요리하다사골곰탕
55979,원일식품)요리하다강된장덮밥소스
55980,원일식품)요리하다새우간짜장
55984,제이푸드서비스)요리하다크러쉬드레드페퍼
55985,신영에프에스)요리하다파슬리
55995,CJ)비비고통단팥죽280G
55996,CJ)비비고누룽지닭백숙죽280G
56002,농심)콘스프
56003,엄마사랑)차가버섯분말
56004,청화농산)흑임자볶음깨
56025,아이배냇)아이배냇꼬마한끼영양밥전복톳
56026,아이배냇)아이배냇꼬마한끼영양밥쇠고기시금치
56027,아이배냇)아이배냇꼬마한끼두부스테이크
56030,대상)종가집종가반상얼큰알탕
56033,신성에프엔비)건강담은한상능이버섯이들어간백숙재료모음
56034,씨제이제일제당)비비고3가지해산물이듬뿍삼선해물죽
56036,위스카스)1세이상고양이용씨푸드칵테일
56052,롯데네슬레코리아)팬시피스트인스퍼레이션치킨
56058,청그루)신토흑미
56066,미소)초이스엘참치무곡물5개입
56097,롯데푸드)닭가슴살짜장밥
56098,롯데푸드)한우불고기밥
56111,가든클래식스)흰강남콩
60109,그루나무)뽀로로랍스터맛떡볶이115G
60160,3분제육덮밥매운맛150G
60161,오뚜기3분쇠고기카레200G
60162,오뚜기맛있는육개장38G
60176,바몬드카레매운맛골드100G
60194,동원양반백합미역국
60195,Dole후룻볼트로피칼4입100
60215,대상종가집돼지고기메추리알장조림
60277,청정원순창양념듬뿍쌈장
65040,롯데쉐푸드스파게티까르보나라
65041,롯데쉐푸드스파게티볼로네이즈
65046,오뚜기컵밥제육덮밥
65077,CJ비비고통단팥죽450G
65078,CJ비비고순댓국460G
65082,지앤엘푸드딸기다이스20G
65100,두보식품이집트콩450G
65101,남양맘스쿠킹소불고기진밥
65102,네슬레코리아거버1단계이유식오가닉배
65103,네슬레코리아거버2단계이유식오가닉바나나아사이베리믹스그레인
65105,동원양반단호박죽
65106,남양맘스쿠킹닭가슴살과채소
65111,거버2단계이유식오가닉사과바나나블루베리블랙베리
65112,양반메추리알장조림
65116,코스팜석류콜라겐분말
65131,화인에프앤드가루치즈
65132,남양든든한끼밤
65136,오뚜기라망구워먹는치즈
65195,네슬레코리아거버2단계이유식바나나블랙베리블루베리
65196,아이배냇공주맛밤
65197,일동후디스키요순찐밤
65207,베베쿡처음먹는어린이김
65273,투카스할리피뇨슬라이스
65274,라세빌라나블랙올리브
65275,라세빌라나케이퍼
65280,씨제이처음부터육수멸치다시다
65299,본죽약서삼계죽
65385,동서식물성크림프리마
65401,아워홈왕갈비탕
65402,오뚜기오즈키친트러플전복죽
65403,씨제이제일제당비비고한우사골곰탕
65404,씨제이제일제당비비고사골곰탕
65405,교동식품일상가정식곱창전골
65406,홈플러스국내산인삼삼계탕
65407,교동식품말죽거리소고기국밥
65408,동원양반참치부대찌개
65409,태원식품산업파육개장
65410,참프레비비고삼계탕육수
65411,시아스새알심단호박죽
65412,오뚜기맛있는오뚜기텁밥오삼불고기덮밥
65413,오뚜기맛있는오뚜기진짬뽕밥
65414,오뚜기맛있는오뚜기된장짜글이밥
65415,오뚜기맛있는오뚜기전주식돌솥비빔밥
65416,오뚜기맛있는오뚜기톡톡김치알밥
65417,오뚜기맛있는오뚜기원조맛집김치찌개밥
65418,오뚜기맛있는오뚜기매콤낙지덮밥
65419,오뚜기맛있는오뚜기김치참치덮밥
65420,오뚜기맛있는오뚜기의정부식부대찌개밥
65421,오뚜기맛있는오뚜기차돌강된장보리밥
65422,오뚜기맛있는오뚜기볼케이노치밥
65423,오뚜기맛있는오뚜기뚝배기불고기밥
65424,롯데쇼핑요리하다오이피클슬라이스
65425,효성인터내셔날피티드블랙올리브
65430,씨제이제일제당비비고갈비탕(비닐)
65431,씨제이제일제당비비고낙지김치죽(비닐)
65432,씨제이제일제당비비고관자새우소라삼선해물죽(비닐)
65433,설빙단팥죽(비닐)
65434,홈플러스3시간이상삶아부드러운돼지고기장조림
65435,산들말랑쫀득흑마늘말랭이
65438,동우농산건크랜베리
65441,홈플러스달콤짭조름한안동식찜닭
65442,대상청정원우리쌀양송이크림스프
65443,대상청정원우리쌀크림스프
65444,대상청정원카레여왕구운마늘
65445,동원꼬막간장비빔
65446,동원꼬막매콤비빔
65447,동원골뱅이비빔
65448,유동골뱅이죽버섯
65449,양반밤단팥죽
65450,종가집종가반상남도추어탕
65451,양반재료가살아있는백합우거지된장국
65452,씨제이제일제당비비고전복죽
65453,홈플러스새알심통팥죽
65456,씨제이제일제당밥이랑야채
65459,청솔펀치볼시래기해장국5EA
65481,오뚜기3분미트볼4개입
65482,오뚜기3분햄버그스테이크4개입
65632,풍림푸드정갈하게담아낸계란찜(명란)2개입
65634,에스피씨삼립플랜터스드라이로스트피넛
65636,청오건강농업회사법인맘스라이스
65637,두리두리구운현미
65645,동원양반양반김치볶음김치
65646,동원양반양반김치썰은김치
65651,오뚜기화끈한닭강정화끈하게매운맛
65652,오뚜기달콤한데리야끼치킨
65653,칼칼한돼지고기김치찜
65660,해초랑무가미구운김가루
65662,미동농산해바라기씨
65663,신세계푸드정갈한쇠고기미역국
65664,길림양행자연담은건강견과호두
65665,청오건강농업회사법인피코크유기농쌀가루
65666,금광약초감초원산지우즈베키스탄
65669,오뚜기베이컨감자스프
65670,한국식연피코크정갈하게담아낸메추리알장조림
65671,농업회사법인싱그람반찬애양념깻잎
65672,농업회사법인싱그람반찬애오징어채볶음
65675,한국식연피코크정갈하게담아낸콩자반조림
65684,농업회사법인(유)광복)찰진윤기가오래지속되는화선찹쌀
65685,농업회사법인월드그린)오색오미
65686,두보식품)기장차조수수율무가30
65687,농업회사법인월드그린)검정찰현미
65688,서울루션)햄프씨드
65689,수내츄럴)자연속내츄럴쌀눈
65693,쌈지에프엔비)볶음아마씨드
65694,수내추럴)쌀눈조아
65715,신흥농산)맛을더한표고미
65736,풍림푸드복숭아젤리4개입90G
65738,풍림푸드망고젤리4개입90G
65739,오뚜기스위트앤젤복숭아3개입90G
65740,오뚜기스위트앤젤밀감3개입90G
65742,풍림푸드포도젤리4개입90G
65743,한성기업한끼애고소하게비벼먹는낙지간편하게한끼뚝딱
65744,매일데르뜨백도3개입130G
65752,매일데르뜨감귤3개입90G
65753,매일데르뜨복숭아3개입90G
65754,매일데르뜨자몽3개입130G
65773,해우촌돌김자반1
65774,에스씨푸트지도표성경김자반견과김자반
65775,동우농산씨를뺸건자두
65776,오뚜기크루통컵스프콘크림
65777,오뚜기크루통컵스프버섯크림
65779,에이뷰피코크유기농배그대로
65819,친정엄마)볶음검정깨
65821,동남상사)세빌프리미엄블랙올리브(피티드)
65826,이마트)갈릭
65827,이마트)통흑후추
65849,글로델)히가시후즈돈코츠라멘5봉
65850,삼경에프에스)삿포로라멘쇼유5봉
65851,삼경에프에스)삿포로탄멘시오5봉
65897,더본코리아)백종원의매콤떡볶이양념
66027,씨제이올리브영)쫀득한망고말랭이80G
66028,씨제이올리브영)네모난감자50G
66029,씨제이올리브영)네모난감자고구마50G
66030,씨제이올리브영)쫀득한군고구마70G
66060,가보식품)요리하다이탈리아허브시즈닝30G
66063,신영에프에스)요리하다피클링스파이스45G
66065,신영에프에스)요리하다바질럽드16G
66067,신영에프에스)요리하다페페로치노홀22G
66071,영남코프레이션)바질페스토190G
66072,한생)국산건고추35G
66073,청화농산)요리하다볶음참꺠200G
66074,신영에프에스)파슬리100
66088,제일사료)고집소고기맛
66089,제일사료)고집참치맛
66090,제일사료)고집연어맛
66091,위스카스)오션피쉬주식85G
66092,미소)캣퓨어파우치그레인프리캣푸드80G
66097,롯데네슬레코리아)프리스키파우치고등어성묘용
66098,롯데네슬레코리아)프리스키파우치참치성묘용
66099,롯데네슬레코리아)프리스키파우치참치와고등어성묘용
66100,미소)초이스엘건강담은습식파우치고등어
66103,롯데네슬레코리아)팬시피스트인스퍼레이션참치
66104,롯데네슬레코리아)팬시피스트인스퍼레이션비프
66105,채널펫)비타크래프트트리글스(코어피쉬)대구60
66106,롯데네슬레코리아)덴탈라이프살몬캣트릿연어맛덴탈라이프
66107,롯데네슬레코리아)프리스키파티믹스비치사이드새우
66108,에이플러스)초이스엘CHOICEL바삭바삭한스낵참치
66109,에이플러스)초이스엘CHOICEL바삭바삭한스낵연어
66110,템테이션)맛있는닭고기맛
66111,템테이션)풍부한해산물맛
66112,템테이션)부드러운우유맛
66130,태광푸드)볶은통현미
66131,정심푸드)농협100전남해남에서태어난군고구마말랭이
66134,태광푸드)볶은통율무
66135,태광푸드)볶은통귀리
66136,바다원)바다원녹차가루를넣은녹차돌김자반볶음2개입
66137,씨제이제일제당)고메처즈크림함박스테이크
66138,씨제이제일제당)비비고소고기죽
66139,씨제이제일제당)비비고흑임자죽
66140,씨제이제일제당)비비고단호박죽
66141,씨제이제일제당)비비고버섯야채죽
66142,씨제이제일제당)비비고전복죽
66144,대양식품)고소하고바삭한파래돌자반볶음2개입
66146,한생)국산청양초
66147,에이플러스)초이스엘CHOICEL바삭바삭한스낵참치
66152,인터펫코리아)카카참치
66166,두보식품)가바현미가들어간혼합7곡
66167,월드그린)찰현미
66241,아이배냇)아이배냇꼬마한끼영양밥닭가슴살곤드레
66242,아이배냇)아이배냇꼬마미트볼
66244,미소)초이스엘참치
66245,미소)초이스엘참치
66246,미소)초이스엘참치
66247,고향식품)요리하다나주식곰탕
66304,매일데르뜨자몽130G
66308,풍림푸드피코크망고젤리90G
66309,풍림푸드피코크포도젤리90G
66310,해우촌돌김자반50G
66345,위스카스구운고등어85G
66346,오뚜기3분햄버그스테이크140G
66369,초이스엘참치80G
66382,초이스엘참치
66383,초이스엘참치
70175,오뚜기3분미트볼150G
70176,오뚜기3분햄버거스테이크140G
70203,비비고버섯야채죽280g
70205,농심보노콘스프3입18.6g
70206,동원진국사골곰탕
70208,Dole후룻볼파인애플4입100
70224,종가집오징어채볶음
70225,종가집검은콩조림
70226,종가집쇠고기메추리알장조림
75001,씨제이)인절미호떡믹스
75002,삼양사)큐원홈메이드우리밀팬케익믹스
75003,우리찬)처음먹는요리가케콩고기와다시마
75005,브레드가든)핑크퐁베이킹믹스소프트쿠키만들기
75018,광복)베타원찰보리쌀
75051,보라티알페스토알라제노베시200G
75052,이마트피코크통백후추그라인더60G
75054,이마트피코크이탈리안허브믹스20G
75055,이마트피코크페퍼스테이크용시즈닝55G
75056,이마트피코크통백후추60G
75058,이마트피코크파슬리7G
75059,이마트피코크통흑후추50G
75061,CJ다담떡볶이양념
75062,이마트볶은아마씨
75063,신세계국물떡볶이양념
75064,테일러팜스말린무화과
75065,테일러팜스유기농건자두
75066,진성에프엠폰타나스위트펌킨크림스프
75067,진성에프엠폰타나크리미포테이토치즈스프
75068,진성에프엠폰타나그릴드머쉬룸크림스프
75069,청정원굴순두부찌개양념
75070,청정원고메레시피찜닭양념
75071,청정원고메레시피국물떡볶이양념
75072,청정원고메레시피옛날떡볶이양념
75073,씨제이다담바지락순두부찌개양념
75074,신세계밤고을공주맛좋은단밤
75075,백쿡백종원의궁중떡볶이양념
75076,신세계제주그대로귤말랭이
75077,리뉴얼라이프무농약우리밀이빠띠쉐를만나면리얼치즈
75079,프로엠오트밀단백질스낵딸기
80137,오뚜기백세카레순한맛(박스)100G
80172,CJ햇반컵반순두부찌개국밥173G
80177,CJ햇반컵반김치날치알밥188g
80178,CJ햇반컵반버터장조림비빔밥216g
80180,비비고들깨버섯죽
85002,브레드가든핑크퐁베이킹믹스초코마카롱만들기
85005,브레드가든피코크핑크퐁베이킹믹스초코칩쿠키만들기
85006,큐원홈메이드와플믹스
85007,동원홈푸드밥한그릇뚝딱치킨돈부리덮밥소스
85008,동원홈푸드밥한그릇뚝딱소고기강된장덮밥소스
85009,동원홈푸드밥한그릇뚝딱사천짜장
85010,동원홈푸드밥한그릇뚝딱비프카페
85011,동원홈푸드밥한그릇뚝딱불고기덮밥소스
85012,큐원홈메이드머그컵에담아전자레인지로2분30초면OK초코케익믹스7개입
85016,한국식연피코크정갈하게담아낸생꺳잎무침
85017,한국식연피코크정갈하게담아낸무말랭무침
85018,싱그람반찬애콩자반
85029,브레드가든피코크핑크퐁베이킹믹스브라우니만들기
90129,오뚜기옛날구수한누룽지60G
90162,오뚜기맛있는북엇국34G
90200,몬라이스페이퍼월남쌈원형200G
90205,CJ햇반컵반직화볶음짜장덮밥280G
90217,미니오이피클500g
90218,오뚜기오즈키친영양닭죽
90219,오뚜기오즈키친전복죽
90246,대천김자반볶음60g2봉
90266,자연그대로가쓰오육수500g
A40038,해맑은번영보슬보슬고소한밥새우
A40039,(주)쿠팡곰곰김자반
