folder,name,new
65235,페로니나스트라즈로(캔),페로니나스트라즈로(캔)_330ml
15245,페로니나스트라즈로(캔),페로니나스트라즈로(캔)_500ml
20315,롯데푸드롯데햄런천미트200G,롯데푸드롯데햄런천미트_플러스200G
30272,국순당)국순당막걸리쌀,국순당)국순당막걸리쌀_350ml
70272,국순당)국순당막걸리쌀,국순당)국순당막걸리쌀_750ml
50187,서울우유딸기,서울우유딸기_300ml
55180,서울우유딸기,서울우유딸기_200ml
80184,서울우유딸기,서울우유딸기_200ml
50190,서울우유초콜릿,서울우유초콜릿_300ml
80188,서울우유초콜릿,서울우유초콜릿_200ml
50191,서울우유커피,서울우유커피_200ml
80189,서울우유커피,서울우유커피_300ml
55182,홈플러스1A우유오리지널,홈플러스1A우유오리지널_200ml
55209,홈플러스1A우유오리지널,홈플러스1A우유오리지널_1L
55198,매일상하목장유기농우유,매일상하목장유기농우유_200ml
55224,매일상하목장유기농우유,매일상하목장유기농우유_900ml
35379,코카)아데스아몬드오리지널,코카)아데스아몬드오리지널_750
35389,코카)아데스아몬드오리지널,코카)아데스아몬드오리지널_190
35431,동원)양반참치죽,동원)양반참치죽_고추
35633,롯데푸드)콜롬비아유기농,롯데푸드)콜롬비아유기농_드립
45670,롯데푸드)콜롬비아유기농,롯데푸드)콜롬비아유기농_싱글
35680,씨제이)스팸리치치즈,씨제이)스팸리치치즈_340
45528,씨제이)스팸리치치즈,씨제이)스팸리치치즈_200
45041,오리온다이제,오리온다이제_3
55053,오리온다이제,오리온다이제_9
45733,동서음료)레드불에너지드링크,동서음료)레드불에너지드링크_250
45737,동서음료)레드불에너지드링크,동서음료)레드불에너지드링크_355
75022,초정탄산레몬,일화초정공장)초정탄산레몬_750ml
75023,초정탄산레몬,일화초정공장)초정탄산레몬_500ml
65699,쌀눈조아,수내추럴)쌀눈조아(분말)_110g
65805,쌀눈조아,수내추럴)쌀눈조아(분말)_230g
60266,제주소주푸른밤페트,제주소주푸른밤페트_640ml
80243,제주소주푸른밤페트,제주소주푸른밤페트_400ml
60199,빙그레요구르트,빙그레요구르트_500ml
90234,빙그레요구르트,빙그레요구르트_280ml
55409,롯데핑크퐁키즈홍삼사과당근,롯데핑크퐁키즈홍삼사과당근_10개본
55408,롯데핑크퐁키즈홍삼파인애플케일,롯데핑크퐁키즈홍삼파인애플케일_10개본
55407,롯데핑크퐁키즈홍삼배도라지,롯데핑크퐁키즈홍삼배도라지_10개본
55406,롯데핑크퐁키즈홍삼포도야채,롯데핑크퐁키즈홍삼포도야채_10개본
55279,홈플러스슬라이스스위트피클,홈플러스슬라이스스위트피클_680g
55280,홈플러스슬라이스스위트피클,홈플러스슬라이스스위트피클_340g
85014,천하코퍼레이션화이트초코_크랜베리쿠키,천하코퍼레이션)화이트초코_크랜베리쿠키
10012,조지아고티카빈티지블랙390ML,칠성사이다_300ml
20306,제주소주푸른밤,제주소주푸른밤_200ml
65015,simplus둥굴레차100T120G,홈플러스_국내산_둥글레차
15185,파스퇴르)바른목장85G,파스퇴르)바른목장85G_플레인
35133,파스퇴르)바른목장85G,파스퇴르)바른목장85G_알로에
15216,남양맛있는우유GT,남양맛있는우유GT_900ml
30217,남양맛있는우유GT,남양맛있는우유GT_500ml
80186,남양맛있는우유GT,남양맛있는우유GT_310ml
15243,에스트렐라담바르셀로나(캔),에스트렐라담바르셀로나(캔)_500ml
65238,에스트렐라담바르셀로나(캔),에스트렐라담바르셀로나(캔)_330ml
15244,스텔라아르투아(캔),스텔라아르투아(캔)_500ml
15252,스텔라아르투아(캔),스텔라아르투아(캔)_330ml
85037,제주소주푸른밤,제주소주푸른밤_페트640
